county,number_of_renter_households,number_of_low_income_60_percent_ami_cost_burdened_renter_households,circuit.x,rent_past_due,landlord_files_for_eviction_in_court,landlords_send_notice,clerk_issues_summons,tenant_is_served_eviction_papers,is_the_clerk_accepting_rent_posting_in_person,tenant_must_respond_and_pay_past_due_rent_to_court,sheriff_enforces_writ_of_possession,link_to_sources,note,bottom_line,clerk_issues_writ_of_possession,clerk_website,circuit_court_website,legal_aid,slug,landlord_files_for_default_judgment,judge_rules_no_hearing_required,note_to_file,small_businesses_included,last_changed,until,end_date,created_time.x,id.y,circuit.y,limited_to_non_payment,cause_evictions_allowed,remote_hearings_allowed,emergency_exemption,discretion_of_judge_exemption,commercial_included,only_limits_writs,ao_link,cares_ao,ao_cares_notes,created_time.y,geo,lat,long,pt_1_1_evict_init,pt_1_2_evict_init,pt_2_1_protect,pt_2_2_protect,pt_2_3_protect,pt_2_4_protect,pt_2_5_protect,pt_3_1_pending,pt_3_2_pending,pt_4_6_tenant_do,pt_6_howlong,pt_10_01_court,pt_10_02_court,pt_10_03_court,pt_10_08_court,pt_10_09_court,pt_10_10_court,pt_10_11_court,pt_10_12_court,pt_10_13_court,pt_10_14_court
Citrus,11462,3400,Fifth,✓,?,✖,?,?,?,✖,✖,https://www.circuit5.org/wp-content/uploads/2020/04/a-2020-15-c.pdf,Apply for free legal aid services at tinyurl.com/flonlineintake,Evictions Suspended,?,https://www.citrusclerk.org/,https://www.circuit5.org/administrative-orders/?term=covid-19,https://floi.legalserver.org/modules/matter/extern_intake.php?pid=38&h=757e8c,citrus,?,?,"Waiting on renewed order from circuit on when to resume. Sherriff shall not serve writs until courts resume normal operations. Deadlines during closure will be extended upon reopening. <https://www.circuit5.org/wp-content/uploads/2020/03/a-2020-12-c.pdf>
",TRUE,2020-06-24T15:36:28.000Z,NA,NA,2020-03-22T20:00:09.000Z,recwvq6Kic6wv10OP,Fifth,✖,✖,✓,(✓),✓,✓,✓,https://www.circuit5.org/wp-content/uploads/2020/04/a-2020-15-c.pdf,NA,NA,2020-05-21T02:35:16.000Z,"Citrus County, Florida",28.8512851,-82.5141209,8,2,2,0,2,0,0,1,-1,2,-5,-2,3,0,-0.5,-3,3,3,-3,3,0
Palm Beach,176970,56727,Fifteenth,✓,?,✖,?,?,✓,?,✖,https://15thcircuit.com/sites/default/files/administrative-orders/12.510.pdf,Apply for free legal aid services at tinyurl.com/flonlineintake,"Evictions Active, but Tenant Removal Paused",✖,https://www.mypalmbeachclerk.com/,https://www.15thcircuit.com/,https://floi.legalserver.org/modules/matter/extern_intake.php?pid=38&h=757e8c,palm-beach,?,?,"Sherriff won't evict for 30-60 days
",TRUE,2020-06-24T15:37:39.000Z,2020-05-29,NA,2020-03-22T20:00:09.000Z,rec92WyJoifDN4Wow,Fifteenth,✖,✖,✓,✖,✖,✓,✓,https://www.15thcircuit.com/sites/default/files/administrative-orders/12.512.pdf,(✓),NA,2020-05-21T02:35:16.000Z,"Palm Beach County, Florida",26.6279798,-80.4494174,8,2,2,0,2,0,0,1,-1,2,-5,-2,0,0,0,-3,3,-3,3,3,3
Osceola,46286,15639,Ninth,✓,✓,✖,✖,?,✓,✓,✖,https://www.ninthcircuit.org/sites/default/files/AO2020-11-01.pdf,Apply for free legal aid services at tinyurl.com/flonlineintake,Evictions Suspended,✖,https://www.osceolaclerk.com/,https://www.ninthcircuit.org/news/covid-19-information-and-update,https://floi.legalserver.org/modules/matter/extern_intake.php?pid=38&h=757e8c,osceola,?,?,"Drop box for rent payments
",NA,2020-06-24T15:37:39.000Z,2020-06-02,NA,2020-03-22T20:00:09.000Z,recuPdvr7GN8wDR7r,Ninth,✖,✖,✖,✖,✖,✓,✖,https://www.ninthcircuit.org/sites/default/files/AO2020-11-01.pdf,NA,NA,2020-05-21T02:35:16.000Z,"Osceola County, Florida",28.0443842,-81.1437541,8,2,2,0,2,0,0,1,-1,2,-5,0,3,0,0,-3,-3,-3,3,3,0
Walton,7896,1983,First,✓,✓,✖,✓,✓,✓,✓,✖,NA,Apply for free legal aid services at tinyurl.com/flonlineintake,"Evictions Active, but Tenant Removal Paused",✖,http://clerkofcourts.co.walton.fl.us/,https://www.firstjudicialcircuit.org/,https://floi.legalserver.org/modules/matter/extern_intake.php?pid=38&h=757e8c,walton,?,?,"Serving writs unless except HUD evictions.
",TRUE,2020-06-24T15:38:23.000Z,NA,NA,2020-03-22T20:00:09.000Z,recnwg5MhJADDAEtM,First,(✓),✖,✓,✓,✓,✓,✓,https://www.firstjudicialcircuit.org/sites/default/files/document_library/WAL%20COVID-19%20Essential%20and%20Critical%20Trial%20Court%20Proceedings%20Plan.pdf,NA,NA,2020-05-21T02:34:53.000Z,"Walton County, Florida",30.6204939,-86.1912678,8,2,0,0,NA,0,0,1,-1,2,-5,-2,0,-0.5,-0.5,-3,3,-3,3,3,0
Lake,33965,9246,Fifth,✓,?,✖,?,?,?,✖,✖,https://www.circuit5.org/wp-content/uploads/2020/04/a-2020-15-c.pdf,Apply for free legal aid services at tinyurl.com/flonlineintake,Evictions Suspended,?,https://www.lakecountyclerk.org/,https://www.circuit5.org/administrative-orders/?term=covid-19,https://floi.legalserver.org/modules/matter/extern_intake.php?pid=38&h=757e8c,lake,?,?,"Waiting on renewed order from circuit on when to resume. Sherriff shall not serve writs until courts resume normal operations. Deadlines during closure will be extended upon reopening. <https://www.circuit5.org/wp-content/uploads/2020/03/a-2020-12-c.pdf>
",TRUE,2020-06-24T15:37:22.000Z,NA,NA,2020-03-22T20:00:09.000Z,recX4PcVRpQjwVjp1,Fifth,✖,✖,✓,(✓),✓,✓,✓,https://www.circuit5.org/wp-content/uploads/2020/04/a-2020-15-c.pdf,NA,NA,2020-05-21T02:35:16.000Z,"Lake County, Florida",28.7006859,-81.78994,8,2,2,0,2,0,0,1,-1,2,-5,-2,3,0,-0.5,-3,3,3,-3,3,0
Taylor,1820,378,Third,✓,?,✖,?,?,?,?,✖,https://thirdcircuitfl.org/orders/ao-2020-002/,Apply for free legal aid services at tinyurl.com/flonlineintake,"Evictions Active, but Tenant Removal Paused",?,https://www.taylorclerk.com/,https://thirdcircuitfl.org/,https://floi.legalserver.org/modules/matter/extern_intake.php?pid=38&h=757e8c,taylor,?,?,"TRLS confirmed with sheriff that no writs are being served as of sheriff 3/26
",TRUE,2020-06-24T15:37:39.000Z,NA,NA,2020-03-22T20:00:09.000Z,recZ8PVlrTlGLsD0L,Third,✖,✖,✓,✓,✓,✓,(✓),https://thirdcircuitfl.org/orders/ao-2020-002/,NA,NA,2020-05-21T02:35:16.000Z,"Taylor County, Florida",30.0926733,-83.6377926,8,2,2,0,2,0,0,1,-1,2,-5,-2,0,-0.5,-0.5,-3,-3,-3,-3,3,0
Bradford,2403,536,Eighth,✓,✓,✖,✖,✓,?,✓,✖,https://circuit8.org/wp-content/uploads/11.29-Suspension-of-Certain-Eviction-and-Mortgage-Foreclosure-Actions.pdf,Residential and commercial  evictions for non-payment are suspended. Apply for free legal aid services at tinyurl.com/flonlineintake,Evictions Suspended,✖,https://www.bradfordcountyfl.gov/circuit_court,https://circuit8.org/covid-19/,https://floi.legalserver.org/modules/matter/extern_intake.php?pid=38&h=757e8c,bradford,?,?,"Extension to June 2: <https://circuit8.org/wp-content/uploads/11.31-Extension-of-Foreclosure-and-Evictions.pdf>
",TRUE,2020-06-24T15:36:14.000Z,2020-06-02,NA,2020-03-22T20:00:09.000Z,recS9Pghr6gOtVASo,Eighth,✓,✓,✖,✖,✖,✓,✖,https://circuit8.org/wp-content/uploads/11.29-Suspension-of-Certain-Eviction-and-Mortgage-Foreclosure-Actions.pdf,NA,NA,2020-05-21T02:35:16.000Z,"Bradford County, Florida",29.9715087,-82.1608653,8,2,0,0,NA,0,0,1,-1,2,-5,0,3,0,0,-3,-3,-3,3,3,0
Monroe,14219,4240,Sixteenth,✓,?,✖,?,?,?,✓,✖,http://www.monroecountyem.com/1183/Housings-and-Evictions,Apply for free legal aid services at tinyurl.com/flonlineintake,"Evictions Active, but Tenant Removal Paused",✖,http://www.clerk-of-the-court.com/,http://www.keyscourts.net/covid-19-information-sixteenth-judicial-circuit,https://floi.legalserver.org/modules/matter/extern_intake.php?pid=38&h=757e8c,monroe,?,?,"3/30 update from phone call with clerk's office: Rent drop box available. They are waiting on supreme court to give directive on evictions. Courts are closed, so some functions may be delayed, but clerk is not making policy change yet.
",TRUE,2020-06-24T15:37:39.000Z,NA,NA,2020-03-22T20:00:09.000Z,recsieSfOWBJYHG0q,Sixteenth,✖,✖,✓,(✓),✓,✓,✓,https://0201.nccdn.net/1_2/000/000/16b/be1/COVID-19-Emergency-Procedures-2.079.pdf,NA,NA,2020-05-21T02:35:16.000Z,"Monroe County, Florida",25.582937,-80.970822,8,2,2,0,2,0,0,1,-1,2,-5,-2,0,0,-0.5,-3,3,-3,3,3,0
Hendry,3804,907,Twentieth,✓,✓,✖,?,✓,✓,✓,✖,NA,Apply for free legal aid services at tinyurl.com/flonlineintake,"Evictions Active, but Tenant Removal Paused",✓,https://www.hendryclerk.org/,https://www.ca.cjis20.org/home/main/homepage.asp,https://floi.legalserver.org/modules/matter/extern_intake.php?pid=38&h=757e8c,hendry,?,?,"
",NA,2020-06-24T15:37:22.000Z,NA,NA,2020-03-22T20:00:09.000Z,recE4NvIREVRFRsgY,Twentieth,✖,✓,✓,(✓),✓,?,✓,https://www.ca.cjis20.org/pdf/ao/ao_2_39_amended.pdf,NA,NA,2020-05-21T02:35:16.000Z,"Hendry County, Florida",26.597094,-81.1520667,8,2,2,0,2,0,5,1,-1,2,-5,-2,0,0,-0.5,-3,3,-3,-3,3,0
Jackson,4903,1103,Fourteenth,✓,?,✖,?,?,?,?,✖,https://www.jud14.flcourts.org/sites/default/files/media/doc/administrative_orders/2020-00-08.pdf,Apply for free legal aid services at tinyurl.com/flonlineintake,"Evictions Active, but Tenant Removal Paused",✖,https://www.jacksonclerk.com/,https://www.jud14.flcourts.org/,https://floi.legalserver.org/modules/matter/extern_intake.php?pid=38&h=757e8c,jackson,?,✖,"
",TRUE,2020-06-24T15:37:22.000Z,NA,NA,2020-03-22T20:00:09.000Z,recOKdCa3J65qtdxb,Fourteenth,✖,✖,✖,✓,✓,✓,✓,https://www.jud14.flcourts.org/sites/default/files/media/doc/administrative_orders/2020-00-08.pdf,NA,NA,2020-05-21T02:35:16.000Z,"Jackson County, Florida",30.8013861,-85.2063186,8,2,2,0,2,0,0,1,-1,2,-5,0,0,-0.5,-0.5,-3,3,-3,3,3,0
Duval,151180,41741,Fourth,✓,✖,✖,?,?,✓,✓,✖,http://www2.duvalclerk.com/about/office-status/#contentTop,Apply for free legal aid services at tinyurl.com/flonlineintake,Evictions Suspended,?,http://www2.duvalclerk.com/,https://www.jud4.org/Top-Navigation/Court-Administration/COVID-19-Emergency-Orders,https://floi.legalserver.org/modules/matter/extern_intake.php?pid=38&h=757e8c,duval,?,?,"Rent drop box. Judge can authorize execution of writ with good cause + extraordinary circumstances
",NA,2020-06-24T15:37:01.000Z,2020-05-29,NA,2020-03-22T20:00:09.000Z,recV5vnqEeaFlrydD,Fourth,✓,✓,✓,(✓),✓,✓,✓,http://www2.duvalclerk.com/about/office-status/#contentTop,NA,NA,2020-05-21T02:35:16.000Z,"Duval County, Florida",30.3540073,-81.6632109,8,2,0,0,NA,0,0,1,-1,2,-5,-2,3,0,-0.5,3,3,-3,-3,3,0
Indian River,17586,5302,Nineteenth,✓,?,✖,?,✖,?,?,✖,http://www.circuit19.org/sites/default/files/Administrative%20Orders/2020/2020-01.pdf,Apply for free legal aid services at tinyurl.com/flonlineintake,"Evictions Active, but Tenant Removal Paused",?,http://www.clerk.indian-river.org/en/,http://www.circuit19.org/covid19,https://floi.legalserver.org/modules/matter/extern_intake.php?pid=38&h=757e8c,indian-river,?,?,"Sheriff authorized to stay writs and eviction summons
",TRUE,2020-06-24T15:37:22.000Z,NA,NA,2020-03-22T20:00:09.000Z,rec5OAbV2M0BjHlb7,Nineteenth,✖,✓,✓,✓,✓,✓,✓,http://www.circuit19.org/sites/default/files/Administrative%20Orders/2020/2020-01.pdf,NA,NA,2020-05-21T02:35:16.000Z,"Indian River County, Florida",27.7041555,-80.5894422,8,2,2,0,2,0,5,1,-1,2,-5,-2,0,-0.5,-0.5,-3,3,-3,-3,3,0
Marion,35052,9086,Fifth,✓,?,✖,?,?,?,✖,✖,https://www.circuit5.org/wp-content/uploads/2020/04/a-2020-15-c.pdf,Apply for free legal aid services at tinyurl.com/flonlineintake,Evictions Suspended,?,https://www.marioncountyclerk.org/,https://www.circuit5.org/administrative-orders/?term=covid-19,https://floi.legalserver.org/modules/matter/extern_intake.php?pid=38&h=757e8c,marion,?,?,"Waiting on renewed order from circuit on when to resume. Sherriff shall not serve writs until courts resume normal operations. Deadlines during closure will be extended upon reopening. <https://www.circuit5.org/wp-content/uploads/2020/03/a-2020-12-c.pdf>
",TRUE,2020-06-24T15:37:39.000Z,NA,NA,2020-03-22T20:00:09.000Z,recvzvrVfLx9W9b0g,Fifth,✖,✖,✓,(✓),✓,✓,✓,https://www.circuit5.org/wp-content/uploads/2020/04/a-2020-15-c.pdf,NA,NA,2020-05-21T02:35:16.000Z,"Marion County, Florida",29.2182454,-82.0626948,8,2,2,0,2,0,0,1,-1,2,-5,-2,3,0,-0.5,-3,3,3,-3,3,0
Gulf,1454,327,Fourteenth,✓,?,✖,?,?,?,?,✖,https://www.jud14.flcourts.org/sites/default/files/media/doc/administrative_orders/2020-00-08.pdf,Apply for free legal aid services at tinyurl.com/flonlineintake,"Evictions Active, but Tenant Removal Paused",✖,https://gulfclerk.com/,https://www.jud14.flcourts.org/,https://floi.legalserver.org/modules/matter/extern_intake.php?pid=38&h=757e8c,gulf,?,✖,"
",TRUE,2020-06-24T15:37:22.000Z,NA,NA,2020-03-22T20:00:09.000Z,recGArJ489D8WZH0y,Fourteenth,✖,✖,✖,✓,✓,✓,✓,https://www.jud14.flcourts.org/sites/default/files/media/doc/administrative_orders/2020-00-08.pdf,NA,NA,2020-05-21T02:35:16.000Z,"Gulf County, Florida",29.9665252,-85.2175889,8,2,2,0,2,0,0,1,-1,2,-5,0,0,-0.5,-0.5,-3,3,-3,3,3,0
Hamilton,1228,255,Third,✓,?,✖,?,✖,?,?,✖,https://thirdcircuitfl.org/orders/ao-2020-002/,Apply for free legal aid services at tinyurl.com/flonlineintake,"Evictions Active, but Tenant Removal Paused",?,http://www.hamiltonclerk.com/,https://thirdcircuitfl.org/,https://floi.legalserver.org/modules/matter/extern_intake.php?pid=38&h=757e8c,hamilton,?,?,"
",TRUE,2020-06-24T15:37:22.000Z,NA,NA,2020-03-22T20:00:09.000Z,recXuGUdsjp5BnWtl,Third,✖,✖,✓,✓,✓,✓,(✓),https://thirdcircuitfl.org/orders/ao-2020-002/,NA,NA,2020-05-21T02:35:16.000Z,"Hamilton County, Florida",30.5232289,-82.9763531,8,2,2,0,2,0,0,1,-1,2,-5,-2,0,-0.5,-0.5,-3,-3,-3,-3,3,0
Polk,78539,20305,Tenth,✓,?,✖,?,✓,?,?,✖,http://www.jud10.flcourts.org/sites/default/files/adminOrders/AO_1-53.2.pdf,Apply for free legal aid services at tinyurl.com/flonlineintake,"Evictions Active, but Tenant Removal Paused",?,http://www.polkcountyclerk.net/,http://www.jud10.flcourts.org/?q=news/coronavirus-disease-2019-covid-19,https://floi.legalserver.org/modules/matter/extern_intake.php?pid=38&h=757e8c,polk,?,?,"Court punts writs back to clerk & sheriff
Sheriff authorized to stay execution of writs.
AOSC20-17 suspends “the requirement in Florida Rule of Civil Procedure 1.580(a) for the clerk to issue a writ of possession “forthwith”. Each Sheriff of the Tenth Judicial Circuit is authorized to stay execution of writs of possession and orders directing removal of tenants through eviction proceedings that were issued by the Court prior to entry of AOSC20-17.
",NA,2020-06-24T15:37:39.000Z,NA,NA,2020-03-22T20:00:09.000Z,recEeADOwrKXe0gEa,Tenth,✖,?,✓,✓,✓,✓,✓,http://www.polkcountyclerk.net/covid-19/#4,NA,NA,2020-05-21T02:35:16.000Z,"Polk County, Florida",27.9448537,-81.7268789,8,2,2,0,2,0,0,1,-1,2,-5,-2,0,-0.5,-0.5,-3,3,-3,-3,3,0
Hillsborough,223410,60755,Thirteenth,✓,?,✖,?,✖,?,✖,✖,https://www.fljud13.org/Portals/0/AO/DOCS/S-2020-023.pdf,Apply for free legal aid services at tinyurl.com/flonlineintake,Evictions Suspended,✓,https://www.hillsclerk.com/,https://www.fljud13.org/,https://floi.legalserver.org/modules/matter/extern_intake.php?pid=38&h=757e8c,hillsborough,?,?,"<https://teamhcso.com/Section/88adfe5c-b5c0-461b-a731-476e8a46d186/Civil-Process>
",NA,2020-06-24T15:37:22.000Z,NA,NA,2020-03-22T20:00:09.000Z,rec6oE8VEdBhwJSiQ,Thirteenth,✓,✓,✖,✖,✖,✖,✓,https://www.fljud13.org/Portals/0/AO/DOCS/S-2020-023.pdf,NA,NA,2020-05-21T02:34:53.000Z,"Hillsborough County, Florida",27.9184543,-82.3488057,8,2,0,0,NA,0,0,1,-1,2,-5,0,3,0,0,-3,3,3,-3,3,0
Suwannee,4325,898,Third,✓,✓,✖,✓,✓,✓,✓,✖,https://thirdcircuitfl.org/orders/ao-2020-002/,Apply for free legal aid services at tinyurl.com/flonlineintake,"Evictions Active, but Tenant Removal Paused",✓,http://www.suwgov.org/,https://thirdcircuitfl.org/,https://floi.legalserver.org/modules/matter/extern_intake.php?pid=38&h=757e8c,suwannee,?,?,"
",TRUE,2020-06-24T15:37:39.000Z,NA,NA,2020-03-22T20:00:09.000Z,recQsxmZpGwbf2YxZ,Third,✖,✖,✓,✓,✓,✓,(✓),https://thirdcircuitfl.org/orders/ao-2020-002/,NA,NA,2020-05-21T02:35:16.000Z,"Suwannee County, Florida",30.2101192,-82.9873377,8,2,2,0,2,0,0,1,-1,2,-5,-2,0,-0.5,-0.5,-3,-3,-3,-3,3,0
St. Johns,23957,6508,Seventh,✓,?,✖,?,?,?,?,?,http://www.circuit7.org/Circuit%20Judges/sjclosures.pdf,Apply for free legal aid services at tinyurl.com/flonlineintake,"Evictions Active, but Tenant Removal Paused",✖,https://stjohnsclerk.com/,http://www.circuit7.org/,https://floi.legalserver.org/modules/matter/extern_intake.php?pid=38&h=757e8c,st-johns,?,?,"
",TRUE,2020-06-24T15:37:39.000Z,2020-05-29,NA,2020-03-22T20:00:09.000Z,recMQH7qEBs4xVOA2,Seventh,✖,?,✓,✖,✓,✓,✓,http://www.circuit7.org/Circuit%20Judges/sjclosures.pdf,NA,NA,2020-05-21T02:35:16.000Z,"St. Johns County, Florida",29.9032284,-81.4145468,8,2,2,0,2,0,0,1,-1,2,-5,-2,0,0,-0.5,-3,3,-3,3,-3,0
Dixie,1095,244,Third,✓,✖,✖,✖,✓,?,?,✖,https://thirdcircuitfl.org/orders/ao-2020-002/,Apply for free legal aid services at tinyurl.com/flonlineintake,Evictions Suspended,✖,https://dixieclerk.com/,https://thirdcircuitfl.org/,https://floi.legalserver.org/modules/matter/extern_intake.php?pid=38&h=757e8c,dixie,?,?,"
",TRUE,2020-06-24T15:37:01.000Z,2020-05-29,NA,2020-03-22T20:00:09.000Z,recGJaEXzeQLpUmVP,Third,✖,✖,✓,✓,✓,✓,(✓),https://thirdcircuitfl.org/orders/ao-2020-002/,NA,NA,2020-05-21T02:35:16.000Z,"Dixie County, Florida",29.6214008,-83.17351,8,2,2,0,2,0,0,1,-1,2,-5,-2,3,-0.5,-0.5,3,-3,-3,3,3,0
Washington,1975,496,Fourteenth,✓,?,✖,?,?,?,?,✖,https://www.jud14.flcourts.org/sites/default/files/media/doc/administrative_orders/2020-00-08.pdf,Apply for free legal aid services at tinyurl.com/flonlineintake,"Evictions Active, but Tenant Removal Paused",✖,https://www.washingtonclerk.com/,https://www.jud14.flcourts.org/,https://floi.legalserver.org/modules/matter/extern_intake.php?pid=38&h=757e8c,washington,?,✖,"
",TRUE,2020-06-24T15:38:23.000Z,NA,NA,2020-03-22T20:00:09.000Z,recz926FvCH7Sr5Ba,Fourteenth,✖,✖,✖,✓,✓,✓,✓,https://www.jud14.flcourts.org/sites/default/files/media/doc/administrative_orders/2020-00-08.pdf,NA,NA,2020-05-21T02:35:16.000Z,"Washington County, Florida",30.6009343,-85.6762025,8,2,2,0,2,0,0,1,-1,2,-5,0,0,-0.5,-0.5,-3,3,-3,3,3,0
Wakulla,2226,501,Second,✓,✓,✖,?,✓,✖,✓,✖,https://cvweb.clerk.leon.fl.us/public/clerk_services/official_records/download_document.asp?book=5426&page=512,Apply for free legal aid services at tinyurl.com/flonlineintake,"Evictions Active, but Tenant Removal Paused",?,http://www.wakullaclerk.com/,http://2ndcircuit.leoncountyfl.gov/,https://floi.legalserver.org/modules/matter/extern_intake.php?pid=38&h=757e8c,wakulla,?,?,"Sherrifs authorized to stay writs for duration of the public health emergency. dispatch person, was informed they were “not doing anymore” and “since 03/30/2020” her words.  However, she was not in the Civil Process Division and then forwarded me to the Civil Process Division.  I left a message with my question and asked them to return my call as soon as they can.
",TRUE,2020-06-24T15:38:23.000Z,NA,NA,2020-03-22T20:00:09.000Z,rec2Y4zNPVKnInpue,Second,✖,✖,✓,(✓),✓,✓,✓,https://cvweb.clerk.leon.fl.us/public/clerk_services/official_records/download_document.asp?book=5426&page=512,NA,NA,2020-05-21T02:35:16.000Z,"Wakulla County, Florida",30.1480038,-84.3543512,8,2,2,0,2,0,0,1,-1,2,-5,-2,0,0,-0.5,-3,3,-3,-3,3,0
Franklin,1104,248,Second,✓,✓,✖,?,✖,✖,✓,✖,https://cvweb.clerk.leon.fl.us/public/clerk_services/official_records/download_document.asp?book=5426&page=512,Apply for free legal aid services at tinyurl.com/flonlineintake,"Evictions Active, but Tenant Removal Paused",?,https://www.franklinclerk.com/,http://2ndcircuit.leoncountyfl.gov/,https://floi.legalserver.org/modules/matter/extern_intake.php?pid=38&h=757e8c,franklin,?,?,"Sherrifs authorized to stay writs for duration of the public health emergency.  Deputy Brian Hardy (he spoke with Michele Maxwell, Deputy Clerk), and I also spoke with Mona, Deputy Clerk.  All said that FCSO not serving Writs of Possession and on initial call, Mona said that they received the Order on 3/27/2020.  However, Deputy Hardy called me back and said that they received the Admin Order 2020-04 on 03/20/2020 and weren’t serving Writs of Possession, nor Evictions. 
",TRUE,2020-06-24T15:37:01.000Z,NA,NA,2020-03-22T20:00:09.000Z,recWBCCKO5lFQIoeo,Second,✖,✖,✓,(✓),✓,✓,✓,https://cvweb.clerk.leon.fl.us/public/clerk_services/official_records/download_document.asp?book=5426&page=512,NA,NA,2020-05-21T02:35:16.000Z,"Franklin County, Florida",29.8323143,-84.8239118,8,2,2,0,2,0,0,1,-1,2,-5,-2,0,0,-0.5,-3,3,-3,-3,3,0
Pinellas,147098,40942,Sixth,✓,✓,✖,✓,?,✓,✓,?,https://www.mypinellasclerk.org/Coronavirus,Apply for free legal aid services at tinyurl.com/flonlineintake,"Evictions Active, but Tenant Removal Paused",✖,https://www.mypinellasclerk.org/Coronavirus,http://www.jud6.org/,https://floi.legalserver.org/modules/matter/extern_intake.php?pid=38&h=757e8c,pinellas,✓,✖,"Update from Gulfcoast legal on Apr 22: cases are still being filed, summonses are being issued and clerk defaults are being granted when requested.  Since April 3, 2020, (the day after the Governor’s Executive Order) we have not yet seen an order from a judge awarding final judgment to a landlord or ordering the clerk to issue the writ of possession.
<https://www.tampabay.com/news/health/2020/03/25/facing-shelter-in-place-order-why-hasnt-pinellas-suspended-evictions/>
",TRUE,2020-06-24T15:37:39.000Z,2020-06-01,NA,2020-03-22T20:00:09.000Z,reckLOZb5Mr6kveyt,Sixth,✓,✓,✓,✖,✓,✓,✓,https://www.mypinellasclerk.org/Coronavirus,NA,NA,2020-05-21T02:35:16.000Z,"Pinellas County, Florida",27.8778904,-82.7329309,8,2,0,0,NA,0,0,1,-1,2,-5,-2,0,0,-0.5,-3,3,-3,3,-3,0
Columbia,7012,1563,Third,✓,?,✖,?,?,?,?,✖,https://thirdcircuitfl.org/orders/ao-2020-002/,Apply for free legal aid services at tinyurl.com/flonlineintake,"Evictions Active, but Tenant Removal Paused",?,https://www.columbiaclerk.com/,https://thirdcircuitfl.org/,https://floi.legalserver.org/modules/matter/extern_intake.php?pid=38&h=757e8c,columbia,?,?,"TRLS confirmed sheriff not serving writs as of 3/26
",TRUE,2020-06-24T15:37:01.000Z,NA,NA,2020-03-22T20:00:09.000Z,recV1g0VjPMvV8zDN,Third,✖,✖,✓,✓,✓,✓,(✓),https://thirdcircuitfl.org/orders/ao-2020-002/,NA,NA,2020-05-21T02:35:16.000Z,"Columbia County, Florida",30.1935988,-82.6327488,8,2,2,0,2,0,0,1,-1,2,-5,-2,0,-0.5,-0.5,-3,-3,-3,-3,3,0
Escambia,44215,10916,First,✓,✓,✖,?,✓,?,?,✖,http://www.northescambia.com/2020/03/escambia-sheriffs-office-suspends-some-functions-due-to-covid-19,Apply for free legal aid services at tinyurl.com/flonlineintake,"Evictions Active, but Tenant Removal Paused",?,https://www.escambiaclerk.com/,https://www.firstjudicialcircuit.org/,https://floi.legalserver.org/modules/matter/extern_intake.php?pid=38&h=757e8c,escambia,?,?,"
",TRUE,2020-06-24T15:37:01.000Z,NA,NA,2020-03-22T20:00:09.000Z,recadi0BWfZGDAqHJ,First,(✓),✖,✓,✓,✓,✓,✓,https://www.firstjudicialcircuit.org/sites/default/files/document_library/ESAD%202020-03%20ESCAMBIA%20COUNTY%20MISSION%20CRITICAL%20COURT%20PROCEEDINGS.pdf,NA,NA,2020-05-21T02:35:16.000Z,"Escambia County, Florida",30.6625885,-87.3451089,8,2,0,0,NA,0,0,1,-1,2,-5,-2,0,-0.5,-0.5,-3,3,-3,-3,3,0
Sarasota,48900,13016,Twelfth,✓,✓,✖,✖,?,?,?,?,https://www.jud12.flcourts.org/Portals/0/AdminOrders/Section01/2020-11.1.pdf?ver=2020-04-15-091920-943,Apply for free legal aid services at tinyurl.com/flonlineintake,Evictions Suspended,✖,https://www.sarasotaclerk.com/,https://www.jud12.flcourts.org/News/COVID-19,https://floi.legalserver.org/modules/matter/extern_intake.php?pid=38&h=757e8c,sarasota,?,✖,"
",TRUE,2020-06-24T15:37:39.000Z,2020-06-02,NA,2020-03-22T20:00:09.000Z,rechugt70QpgPDlKu,Twelfth,✖,✖,✖,✖,✓,✓,✖,https://www.jud12.flcourts.org/Portals/0/AdminOrders/Section01/2020-11.1.pdf?ver=2020-04-15-091920-943,NA,NA,2020-05-21T02:35:16.000Z,"Sarasota County, Florida",27.1813609,-82.3609195,8,2,2,0,2,0,0,1,-1,2,-5,0,3,0,-0.5,-3,-3,-3,3,-3,0
Volusia,64336,18057,Seventh,✓,?,✖,?,?,?,?,?,http://www.circuit7.org/Communications/Chief%20Judge%20Coronavirus%20Message%202.pdf,Apply for free legal aid services at tinyurl.com/flonlineintake,"Evictions Active, but Tenant Removal Paused",✖,https://www.clerk.org/,http://www.circuit7.org/,https://floi.legalserver.org/modules/matter/extern_intake.php?pid=38&h=757e8c,volusia,?,?,"
",TRUE,2020-06-24T15:38:20.000Z,2020-06-01,NA,2020-03-22T20:00:09.000Z,recyhNaiZ0kGT8bEr,Seventh,✖,?,✓,✖,✓,✓,✓,http://www.circuit7.org/Circuit%20Judges/sjclosures.pdf,NA,NA,2020-05-21T02:35:16.000Z,"Volusia County, Florida",29.0533409,-81.1310761,8,2,2,0,2,0,0,1,-1,2,-5,-2,0,0,-0.5,-3,3,-3,3,-3,0
Gilchrist,1029,229,Eighth,✓,✓,✖,✖,✓,✓,✓,✓,https://circuit8.org/wp-content/uploads/11.29-Suspension-of-Certain-Eviction-and-Mortgage-Foreclosure-Actions.pdf,Residential and commercial  evictions for non-payment are suspended. Apply for free legal aid services at tinyurl.com/flonlineintake,Evictions Suspended,✖,https://www.gilchristclerk.com/,https://circuit8.org/covid-19/,https://floi.legalserver.org/modules/matter/extern_intake.php?pid=38&h=757e8c,gilchrist,?,?,"Extension to June 2: <https://circuit8.org/wp-content/uploads/11.31-Extension-of-Foreclosure-and-Evictions.pdf>
",TRUE,2020-06-24T15:37:07.000Z,2020-06-02,NA,2020-03-22T20:00:09.000Z,recC6NT7e5cxxRNBE,Eighth,✓,✓,✖,✖,✖,✓,✖,https://circuit8.org/wp-content/uploads/11.29-Suspension-of-Certain-Eviction-and-Mortgage-Foreclosure-Actions.pdf,NA,NA,2020-05-21T02:35:16.000Z,"Gilchrist County, Florida",29.7131619,-82.7975172,8,2,0,0,NA,0,0,1,-1,2,-5,0,3,0,0,-3,-3,-3,3,-3,0
Okeechobee,3931,937,Nineteenth,✓,?,✖,?,✖,?,?,✖,http://www.circuit19.org/sites/default/files/Administrative%20Orders/2020/2020-01.pdf,Apply for free legal aid services at tinyurl.com/flonlineintake,"Evictions Active, but Tenant Removal Paused",?,http://www.clerk.co.okeechobee.fl.us/,http://www.circuit19.org/covid19,https://floi.legalserver.org/modules/matter/extern_intake.php?pid=38&h=757e8c,okeechobee,?,?,"Sheriff authorized to stay writs and eviction summons
",TRUE,2020-06-24T15:37:39.000Z,NA,NA,2020-03-22T20:00:09.000Z,recT5xxEmRVhf7feX,Nineteenth,✖,✓,✓,✓,✓,✓,✓,http://www.circuit19.org/sites/default/files/Administrative%20Orders/2020/2020-01.pdf,NA,NA,2020-05-21T02:35:16.000Z,"Okeechobee County, Florida",27.3923408,-80.8873655,8,2,2,0,2,0,5,1,-1,2,-5,-2,0,-0.5,-0.5,-3,3,-3,-3,3,0
Lee,91189,23702,Twentieth,✓,✓,✖,✓,?,?,?,✖,https://www.naplesnews.com/story/news/local/2020/03/18/coronavirus-southwest-florida-your-questions-answered/2863655001/,Apply for free legal aid services at tinyurl.com/flonlineintake,"Evictions Active, but Tenant Removal Paused",?,https://www.leeclerk.org/,https://www.ca.cjis20.org/home/main/homepage.asp,https://floi.legalserver.org/modules/matter/extern_intake.php?pid=38&h=757e8c,lee,?,?,"A Lee County Sheriff’s Office spokeswoman said,” As of right now, evictions are temporarily suspended due to COVID-19.” Both Collier and Lee county court systems told the Daily News that they are still accepting open cases, including evictions.
",NA,2020-06-24T15:37:22.000Z,NA,NA,2020-03-22T20:00:09.000Z,recPScqwGMyVPx5zs,Twentieth,✖,✓,✓,(✓),✓,?,✓,https://www.ca.cjis20.org/pdf/ao/ao_2_39_amended.pdf,NA,NA,2020-05-21T02:35:16.000Z,"Lee County, Florida",26.5999265,-81.8823135,8,2,2,0,2,0,5,1,-1,2,-5,-2,0,0,-0.5,-3,3,-3,-3,3,0
Madison,1782,370,Third,✓,?,✖,?,?,?,?,✖,NA,Apply for free legal aid services at tinyurl.com/flonlineintake,"Evictions Active, but Tenant Removal Paused",?,https://www.madisonclerk.com/,https://thirdcircuitfl.org/,https://floi.legalserver.org/modules/matter/extern_intake.php?pid=38&h=757e8c,madison,?,?,"TRLS confirmed with sheriff that no writs are being served as of sheriff 3/26
",TRUE,2020-06-24T15:37:39.000Z,NA,NA,2020-03-22T20:00:09.000Z,rec6neJWCVWTjYf6J,Third,✖,✖,✓,✓,✓,✓,(✓),https://thirdcircuitfl.org/orders/ao-2020-002/,NA,NA,2020-05-21T02:35:16.000Z,"Madison County, Florida",30.4514352,-83.4524524,8,2,2,0,2,0,0,1,-1,2,-5,-2,0,-0.5,-0.5,-3,-3,-3,-3,3,0
Collier,42803,11079,Twentieth,✓,✓,✖,✓,✓,?,?,✖,https://www.naplesnews.com/story/news/local/2020/03/18/coronavirus-southwest-florida-your-questions-answered/2863655001/,Apply for free legal aid services at tinyurl.com/flonlineintake,"Evictions Active, but Tenant Removal Paused",✖,https://apps.collierclerk.com/,https://www.ca.cjis20.org/home/main/homepage.asp,https://floi.legalserver.org/modules/matter/extern_intake.php?pid=38&h=757e8c,collier,?,?,"Both Collier and Lee county court systems told the Daily News that they are still accepting open cases, including evictions. Previously (Mar 18): The Collier County Sheriff’s Office referred to a Florida Supreme Court administrative order that does not directly address evictions
",NA,2020-06-24T15:36:49.000Z,2020-06-01,NA,2020-03-22T20:00:09.000Z,recnURTVRp0W7GXkb,Twentieth,(✓),(✓),✓,(✓),✓,?,✓,https://www.ca.cjis20.org/pdf/ao/ao_2_39_amended.pdf,NA,NA,2020-05-21T02:35:16.000Z,"Collier County, Florida",26.087964,-81.3794941,8,2,0,0,NA,0,0,1,-1,2,-5,-2,0,0,-0.5,-3,3,-3,3,3,0
Hardee,2579,713,Tenth,✓,?,✖,?,✓,✖,?,✖,http://www.jud10.flcourts.org/sites/default/files/adminOrders/AO_1-53.2.pdf,Apply for free legal aid services at tinyurl.com/flonlineintake,"Evictions Active, but Tenant Removal Paused",?,http://www.hardeeclerk.com/,http://www.jud10.flcourts.org/?q=news/coronavirus-disease-2019-covid-19,https://floi.legalserver.org/modules/matter/extern_intake.php?pid=38&h=757e8c,hardee,?,?,"Court punts writs back to clerk & sheriff
Sheriff authorized to stay execution of writs. Office closed: <http://www.hardeeclerk.com/drop/drop.pdf>
",NA,2020-06-24T15:37:22.000Z,NA,NA,2020-03-22T20:00:09.000Z,rec77nUjPsHtjbtrC,Tenth,✖,✖,✓,✓,✓,✓,✓,http://www.jud10.flcourts.org/sites/default/files/adminOrders/AO_1-53.2.pdf,NA,NA,2020-05-21T02:35:16.000Z,"Hardee County, Florida",27.4856349,-81.8196804,8,2,2,0,2,0,0,1,-1,2,-5,-2,0,-0.5,-0.5,-3,3,-3,-3,3,0
Flagler,10863,3049,Seventh,✓,?,✖,?,?,?,?,?,http://www.circuit7.org/Communications/Chief%20Judge%20Coronavirus%20Message%202.pdf,Apply for free legal aid services at tinyurl.com/flonlineintake,"Evictions Active, but Tenant Removal Paused",✖,https://flaglerclerk.com/,http://www.circuit7.org/,https://floi.legalserver.org/modules/matter/extern_intake.php?pid=38&h=757e8c,flagler,?,?,"
",TRUE,2020-06-24T15:37:01.000Z,2020-06-01,NA,2020-03-22T20:00:09.000Z,recTs4dgoI1YScYqQ,Seventh,✖,?,✓,✖,✓,✓,✓,http://www.circuit7.org/Circuit%20Judges/sjclosures.pdf,NA,NA,2020-05-21T02:35:16.000Z,"Flagler County, Florida",29.4844412,-81.2917415,8,2,2,0,2,0,0,1,-1,2,-5,-2,0,0,-0.5,-3,3,-3,3,-3,0
Glades,1015,242,Twentieth,✓,?,✖,?,✖,?,?,✖,NA,Apply for free legal aid services at tinyurl.com/flonlineintake,"Evictions Active, but Tenant Removal Paused",?,https://gladesclerk.com/,https://www.ca.cjis20.org/home/main/homepage.asp,https://floi.legalserver.org/modules/matter/extern_intake.php?pid=38&h=757e8c,glades,?,?,"
",NA,2020-06-24T15:37:11.000Z,NA,NA,2020-03-22T20:00:09.000Z,rec0aXmprDjkQFpn9,Twentieth,✖,✓,✓,(✓),✓,?,✓,https://www.ca.cjis20.org/pdf/ao/ao_2_39_amended.pdf,NA,NA,2020-05-21T02:35:16.000Z,"Glades County, Florida",26.9328123,-81.1895983,8,2,2,0,2,0,5,1,-1,2,-5,-2,0,0,-0.5,-3,3,-3,-3,3,0
Miami-Dade,451763,134723,Eleventh,✓,✓,✖,✖,✖,✖,✖,✖,https://www.jud11.flcourts.org/docs/1-20-08%20A1%20COVID-19%20EMERGENCY%20PROCEDURES%20AMENDING%20SUSPENSION%20OF%20TIME%20PERIODS%20SET%20FORTH%20IN%20ADMINISTRATIVE%20ORDER%20NO.%2020-08_CONFORMED.pdf,Apply for free legal aid services at tinyurl.com/flonlineintake,Evictions Suspended,✖,http://www.miami-dadeclerk.com/,https://www.jud11.flcourts.org/coronavirus,https://floi.legalserver.org/modules/matter/extern_intake.php?pid=38&h=757e8c,miami-dade,?,?,"LSGMI: Clerk is closed as of 3/30
",TRUE,2020-06-24T15:37:39.000Z,2020-06-01,NA,2020-03-22T20:00:09.000Z,recaflZh1YKLyoVMD,Eleventh,✓,✓,✓,(✓),✓,✓,✓,"https://www.jud11.flcourts.org/docs/1-20-10%20EVICTIONS%20UNDER%20THE%20CORONAVIRUS%20AID,%20RELIEF,%20AND%20ECONOMIC%20SECURITY%20ACT%20(THE%20CARES%20ACT%20)-CONFORMED.pdf",✓,"Required before final judgment
",2020-05-21T02:35:16.000Z,"Miami-Dade County, Florida",25.6364246,-80.4989467,8,2,0,0,NA,0,0,1,-1,2,-5,-2,3,0,-0.5,-3,3,3,3,3,3
Leon,42957,12619,Second,✓,✓,✖,?,✖,✖,✓,✖,http://www.leoncountyso.com/departments/judicial-services/civil-process-unit,Apply for free legal aid services at tinyurl.com/flonlineintake,"Evictions Active, but Tenant Removal Paused",?,https://cvweb.clerk.leon.fl.us/public/index.html,http://2ndcircuit.leoncountyfl.gov/,https://floi.legalserver.org/modules/matter/extern_intake.php?pid=38&h=757e8c,leon,?,?,"No civil paperwork will be processed until further notice. Civil Process Division is closed and only serving Injunctions/Emergency Ex-Parte Orders, as-needed.  When I spoke with the dispatch person, Kathy, she said  they are not serving the Evictions, nor are they serving the Writs of Possession and that they closed the Civil Process Division on 03/18/2020.
",TRUE,2020-06-24T15:37:22.000Z,NA,NA,2020-03-22T20:00:09.000Z,reckvUuF1K5gXX1kq,Second,✖,✖,✓,(✓),✓,✓,✓,http://www.leoncountyso.com/departments/judicial-services/civil-process-unit,NA,NA,2020-05-21T02:35:16.000Z,"Leon County, Florida",30.4683062,-84.2549068,8,2,2,0,2,0,0,1,-1,2,-5,-2,0,0,-0.5,-3,3,-3,-3,3,0
Liberty,652,147,Second,✓,✓,✖,?,?,(✓),✓,✖,https://cvweb.clerk.leon.fl.us/public/clerk_services/official_records/download_document.asp?book=5426&page=512,Apply for free legal aid services at tinyurl.com/flonlineintake,"Evictions Active, but Tenant Removal Paused",✖,https://libertyclerk.com/,http://2ndcircuit.leoncountyfl.gov/,https://floi.legalserver.org/modules/matter/extern_intake.php?pid=38&h=757e8c,liberty,?,?,"Sherrifs authorized to stay writs for duration of the public health emergency. Clerks website 'Foreclosure hearings and sales and evictions have been postponed until further notice. Please call 850 643-2215 if you have questions.'
",TRUE,2020-06-24T15:37:30.000Z,NA,NA,2020-03-22T20:00:09.000Z,recXTBitKj7dFNgF1,Second,✖,✖,✓,(✓),✓,✓,✓,https://cvweb.clerk.leon.fl.us/public/clerk_services/official_records/download_document.asp?book=5426&page=512,NA,NA,2020-05-21T02:35:16.000Z,"Liberty County, Florida",30.2506943,-84.8955989,8,2,2,0,2,0,0,1,-1,2,-5,-2,0,0,-0.5,-3,3,-3,3,3,0
Orange,223433,67432,Ninth,✓,✓,✖,✖,✖,✓,✓,✖,https://www.ninthcircuit.org/sites/default/files/AO2020-11-01.pdf,Apply for free legal aid services at tinyurl.com/flonlineintake,Evictions Suspended,✖,https://www.myorangeclerk.com/,https://www.ninthcircuit.org/news/covid-19-information-and-update,https://floi.legalserver.org/modules/matter/extern_intake.php?pid=38&h=757e8c,orange,?,?,"Review of docket and discussion with private process server shows no new summons or writs since 3/18
",NA,2020-06-24T15:37:39.000Z,2020-06-02,NA,2020-03-22T20:00:09.000Z,recDCCfunEPrgBVGo,Ninth,✖,✖,✖,✖,✖,✓,✖,https://www.ninthcircuit.org/sites/default/files/AO2020-11-01.pdf,NA,NA,2020-05-21T02:35:16.000Z,"Orange County, Florida",28.5421109,-81.3790304,8,2,2,0,2,0,0,1,-1,2,-5,0,3,0,0,-3,-3,-3,3,3,0
Sumter,5734,1561,Fifth,✓,?,✖,?,?,?,✖,✖,https://www.circuit5.org/wp-content/uploads/2020/04/a-2020-15-c.pdf,Apply for free legal aid services at tinyurl.com/flonlineintake,Evictions Suspended,?,https://www.sumterclerk.com/,https://www.circuit5.org/administrative-orders/?term=covid-19,https://floi.legalserver.org/modules/matter/extern_intake.php?pid=38&h=757e8c,sumter,?,?,"Waiting on renewed order from circuit on when to resume. Sherriff shall not serve writs until courts resume normal operations. Deadlines during closure will be extended upon reopening. <https://www.circuit5.org/wp-content/uploads/2020/03/a-2020-12-c.pdf>
",TRUE,2020-06-24T15:37:39.000Z,NA,NA,2020-03-22T20:00:09.000Z,recpTYs33LmwxiyFI,Fifth,✖,✖,✓,(✓),✓,✓,✓,https://www.circuit5.org/wp-content/uploads/2020/04/a-2020-15-c.pdf,NA,NA,2020-05-21T02:35:16.000Z,"Sumter County, Florida",28.6689748,-82.076402,8,2,2,0,2,0,0,1,-1,2,-5,-2,3,0,-0.5,-3,3,3,-3,3,0
Okaloosa,28168,7659,First,✓,✓,✖,✓,?,✓,✓,?,https://www.firstjudicialcircuit.org/sites/default/files/document_library/OCAD2020-03%20s-block.pdf,Apply for free legal aid services at tinyurl.com/flonlineintake,"Evictions Active, but Tenant Removal Paused",✖,http://www.okaloosaclerk.com/,https://www.firstjudicialcircuit.org/,https://floi.legalserver.org/modules/matter/extern_intake.php?pid=38&h=757e8c,okaloosa,?,?,"
",TRUE,2020-06-24T15:37:39.000Z,NA,NA,2020-03-22T20:00:09.000Z,recV8iczj7T9N0459,First,(✓),✖,✓,✓,✓,✓,✓,http://www.okaloosaclerk.com/index.php/news-releases/206-public-announcement-court-rescheduling,NA,NA,2020-05-21T02:35:16.000Z,"Okaloosa County, Florida",30.6765961,-86.6037748,8,2,0,0,NA,0,0,1,-1,2,-5,-2,0,-0.5,-0.5,-3,3,-3,3,-3,0
Highlands,10201,2822,Tenth,✓,?,✖,?,✓,(✓),?,✖,http://www.jud10.flcourts.org/sites/default/files/adminOrders/AO_1-53.2.pdf,Apply for free legal aid services at tinyurl.com/flonlineintake,"Evictions Active, but Tenant Removal Paused",?,http://hcclerk.org/Home.aspx,http://www.jud10.flcourts.org/?q=news/coronavirus-disease-2019-covid-19,https://floi.legalserver.org/modules/matter/extern_intake.php?pid=38&h=757e8c,highlands,?,?,"Court punts writs back to clerk & sheriff
Sheriff authorized to stay execution of writs. Payments can be made by mail or phone. <http://www.hcclerk.org/Home/News/20-03-20/Changes_to_Court_Proceedings_due_to_COVID-19.aspx>
",NA,2020-06-24T15:37:22.000Z,NA,NA,2020-03-22T20:00:09.000Z,recAcuXSEeayF7SFH,Tenth,✖,✖,✓,✓,✓,✓,✓,http://www.jud10.flcourts.org/sites/default/files/adminOrders/AO_1-53.2.pdf,NA,NA,2020-05-21T02:35:16.000Z,"Highlands County, Florida",27.3513186,-81.3615717,8,2,2,0,2,0,0,1,-1,2,-5,-2,0,-0.5,-0.5,-3,3,-3,-3,3,0
Clay,18974,4377,Fourth,✓,✓,✖,?,✓,✓,(✓),✖,https://www.clayclerk.com/wp-content/uploads/2020/05/Covid-19-Admin-Order-April-30-2020-extension-to-June-1.pdf,"Clay County requires tenants to file a timely written answer, but rent deposits are now due before the date of the status hearing. Apply for free legal aid services at tinyurl.com/flonlineintake",Evictions Suspended,✖,https://www.clayclerk.com/,https://www.jud4.org/Top-Navigation/Court-Administration/COVID-19-Emergency-Orders,https://floi.legalserver.org/modules/matter/extern_intake.php?pid=38&h=757e8c,clay,?,?,"Extension: <https://www.clayclerk.com/wp-content/uploads/2020/05/Covid-19-Admin-Order-April-30-2020-extension-to-June-1.pdf> Rent drop box. If tenant answers, status hearing set and rent not due until that hearing. No writs issued or served, unless judge authorizes.
",TRUE,2020-06-24T15:36:45.000Z,2020-06-01,NA,2020-03-22T20:00:09.000Z,recNGJUmvlwoabEpn,Fourth,✖,✖,✓,(✓),✓,✓,✓,https://www.clayclerk.com/wp-content/uploads/2020/03/Covid-19-Admin-Order-March-20-2020-foreclosures-sales-evictionwrits.pdf,NA,NA,2020-05-21T02:35:16.000Z,"Clay County, Florida",29.9766524,-81.8470596,8,2,2,0,2,0,0,1,-1,2,-5,-2,3,0,-0.5,-3,3,-3,3,3,0
Putnam,7050,1915,Seventh,✓,?,✖,?,?,?,?,?,http://www.circuit7.org/Communications/Chief%20Judge%20Coronavirus%20Message%202.pdf,Apply for free legal aid services at tinyurl.com/flonlineintake,"Evictions Active, but Tenant Removal Paused",✖,http://clerk.putnam-fl.com/,http://www.circuit7.org/,https://floi.legalserver.org/modules/matter/extern_intake.php?pid=38&h=757e8c,putnam,?,?,"
",TRUE,2020-06-24T15:37:39.000Z,2020-06-01,NA,2020-03-22T20:00:09.000Z,recFmq1haVgFF8LlK,Seventh,✖,?,✓,✖,✓,✓,✓,http://www.circuit7.org/Circuit%20Judges/sjclosures.pdf,NA,NA,2020-05-21T02:35:16.000Z,"Putnam County, Florida",29.6266155,-81.7230549,8,2,2,0,2,0,0,1,-1,2,-5,-2,0,0,-0.5,-3,3,-3,3,-3,0
Union,1083,241,Eighth,✓,✓,✖,✖,✓,✓,✓,✓,https://circuit8.org/wp-content/uploads/11.29-Suspension-of-Certain-Eviction-and-Mortgage-Foreclosure-Actions.pdf,Residential and commercial  evictions for non-payment are suspended. Apply for free legal aid services at tinyurl.com/flonlineintake,Evictions Suspended,✖,https://unionclerk.com/,https://circuit8.org/covid-19/,https://floi.legalserver.org/modules/matter/extern_intake.php?pid=38&h=757e8c,union,?,?,"Sheriff active, but court has not sent any since 3/24
",TRUE,2020-06-24T15:37:44.000Z,2020-06-02,NA,2020-03-22T20:00:09.000Z,recAPLMhbgiCXhKeN,Eighth,✓,✓,✖,✖,✖,✓,✖,https://circuit8.org/wp-content/uploads/11.29-Suspension-of-Certain-Eviction-and-Mortgage-Foreclosure-Actions.pdf,NA,NA,2020-05-21T02:35:16.000Z,"Union County, Florida",30.044304,-82.3954479,8,2,0,0,NA,0,0,1,-1,2,-5,0,3,0,0,-3,-3,-3,3,-3,0
Broward,260777,80940,Seventeenth,✓,?,✖,?,?,✖,(✓),✖,http://www.17th.flcourts.org/wp-content/uploads/2020/04/2020-32-Temp.pdf,NA,Evictions Suspended,✖,https://www.browardclerk.org/,http://www.17th.flcourts.org/,https://lasbroward.wpengine.com/notice-regarding-the-coronavirus,broward,✖,✖,"Landlords may seek default in extraordinary cases

Deadlines not tolled, but equivalent: No defaults may be entered until normal operations resume, LL cannot seek default outside exigent circumstances
",NA,2020-06-24T15:24:16.000Z,2020-05-29,NA,2020-03-22T20:00:09.000Z,recRHksHqGAsH4pv7,Seventeenth,✖,✖,✓,✓,✓,✓,✖,http://www.17th.flcourts.org/wp-content/uploads/2020/04/2020-32-Temp.pdf,✓,"Prior to any party seeking a final judgment of eviction, such party shall complete and file a verification of compliance with the CARES Act in the same format as provided in Attachment “A.” This requirement shall expire without further administrative order or amendment to this administrative order on July 28, 2020
",2020-05-21T02:35:16.000Z,"Broward County, Florida",26.1598074,-80.4623642,8,2,2,0,2,0,0,1,-1,2,-5,-2,3,-0.5,-0.5,-3,-3,-3,3,3,3
Nassau,7301,1615,Fourth,✓,✓,✖,✖,✖,✖,✖,✖,https://www.jud4.org/Top-Navigation/Court-Administration/COVID-19-Emergency-Orders/docs/Nassau-AO-2020-16-Ext-of-Emergency-Procedures.aspx,Apply for free legal aid services at tinyurl.com/flonlineintake,Evictions Suspended,✖,https://www.nassauclerk.com/,https://www.jud4.org/Top-Navigation/Court-Administration/COVID-19-Emergency-Orders,https://floi.legalserver.org/modules/matter/extern_intake.php?pid=38&h=757e8c,nassau,(✓),?,"Rent drop box. Serving writs unless protected by federal moratorium.

\- 4/6 - New Admin Order suspends all eviction cases after filing until further order of the court
",TRUE,2020-06-24T15:35:45.000Z,NA,2020-07-02,2020-03-22T20:00:09.000Z,recrNJ3W2tXlDBsyg,Fourth,✖,✖,✓,✓,✓,✓,✓,https://www.jud4.org/Top-Navigation/Court-Administration/COVID-19-Emergency-Orders/docs/AO-2020-11-Nassau-Foreclosures-and-Evictions.aspx,NA,NA,2020-05-21T02:34:53.000Z,"Nassau County, Florida",30.6624329,-81.7707334,8,2,2,0,2,0,0,1,-1,2,-5,-2,3,-0.5,-0.5,-3,3,3,3,3,0
Baker,1999,442,Eighth,✓,✓,✖,✖,✓,✓,✓,✓,https://circuit8.org/wp-content/uploads/11.29-Suspension-of-Certain-Eviction-and-Mortgage-Foreclosure-Actions.pdf,Residential and commercial  evictions for non-payment are suspended. Apply for free legal aid services at tinyurl.com/flonlineintake,Evictions Suspended,✖,http://www.bakercountyfl.org/clerk/,https://circuit8.org/covid-19/,https://floi.legalserver.org/modules/matter/extern_intake.php?pid=38&h=757e8c,baker,?,?,"Extension to June 2: <https://circuit8.org/wp-content/uploads/11.31-Extension-of-Foreclosure-and-Evictions.pdf>
",TRUE,2020-06-24T15:36:05.000Z,2020-06-02,NA,2020-03-22T19:51:25.000Z,recDAlLJjmIKYAeYN,Eighth,✓,✓,✖,✖,✖,✓,✖,https://circuit8.org/wp-content/uploads/11.29-Suspension-of-Certain-Eviction-and-Mortgage-Foreclosure-Actions.pdf,NA,NA,2020-05-21T02:35:16.000Z,"Baker County, Florida",30.3143459,-82.2847163,8,2,0,0,NA,0,0,1,-1,2,-5,0,3,0,0,-3,-3,-3,3,-3,0
Lafayette,604,125,Third,✓,?,✖,?,?,?,?,✖,https://thirdcircuitfl.org/orders/ao-2020-002/,Apply for free legal aid services at tinyurl.com/flonlineintake,"Evictions Active, but Tenant Removal Paused",?,https://www.lafayetteclerk.com/,https://thirdcircuitfl.org/,https://floi.legalserver.org/modules/matter/extern_intake.php?pid=38&h=757e8c,lafayette,?,?,"TRLS confirmed with sheriff that no writs are being served as of sheriff 3/26
",TRUE,2020-06-24T15:37:22.000Z,NA,NA,2020-03-22T20:00:09.000Z,recdsmc26vWvR1Z2b,Third,✖,✖,✓,✓,✓,✓,(✓),https://thirdcircuitfl.org/orders/ao-2020-002/,NA,NA,2020-05-21T02:35:16.000Z,"Lafayette County, Florida",29.9978185,-83.2221527,8,2,2,0,2,0,0,1,-1,2,-5,-2,0,-0.5,-0.5,-3,-3,-3,-3,3,0
Hernando,15471,4848,Fifth,✓,?,✖,?,?,?,✖,✖,https://www.circuit5.org/wp-content/uploads/2020/04/a-2020-15-c.pdf,Apply for free legal aid services at tinyurl.com/flonlineintake,Evictions Suspended,?,https://www.hernandoclerk.com/,https://www.circuit5.org/administrative-orders/?term=covid-19,https://floi.legalserver.org/modules/matter/extern_intake.php?pid=38&h=757e8c,hernando,?,?,"Waiting on renewed order from circuit on when to resume. Sherriff shall not serve writs until courts resume normal operations. Deadlines during closure will be extended upon reopening. <https://www.circuit5.org/wp-content/uploads/2020/03/a-2020-12-c.pdf>
",TRUE,2020-06-24T15:37:22.000Z,NA,NA,2020-03-22T20:00:09.000Z,recFdSGgedIj533PR,Fifth,✖,✖,✓,(✓),✓,✓,✓,https://www.circuit5.org/wp-content/uploads/2020/04/a-2020-15-c.pdf,NA,NA,2020-05-21T02:35:16.000Z,"Hernando County, Florida",28.5710156,-82.4605068,8,2,2,0,2,0,0,1,-1,2,-5,-2,3,0,-0.5,-3,3,3,-3,3,0
Gadsden,4805,1081,Second,✓,✓,✖,?,✓,✖,✓,✖,https://cvweb.clerk.leon.fl.us/public/clerk_services/official_records/download_document.asp?book=5426&page=512,Apply for free legal aid services at tinyurl.com/flonlineintake,"Evictions Active, but Tenant Removal Paused",?,http://www.gadsdenclerk.com/,http://2ndcircuit.leoncountyfl.gov/,https://floi.legalserver.org/modules/matter/extern_intake.php?pid=38&h=757e8c,gadsden,?,?,"Sherrifs authorized to stay writs for duration of the public health emergency
",TRUE,2020-06-24T15:37:01.000Z,NA,NA,2020-03-22T20:00:09.000Z,rec9rQG9qYpkkQ3IY,Second,✖,✖,✓,(✓),✓,✓,✓,https://cvweb.clerk.leon.fl.us/public/clerk_services/official_records/download_document.asp?book=5426&page=512,NA,NA,2020-05-21T02:35:16.000Z,"Gadsden County, Florida",30.5937346,-84.6389937,8,2,2,0,2,0,0,1,-1,2,-5,-2,0,0,-0.5,-3,3,-3,-3,3,0
DeSoto,3263,903,Twelfth,✓,✓,✖,✖,?,✖,✖,?,https://www.jud12.flcourts.org/Portals/0/AdminOrders/Section01/2020-11.1.pdf?ver=2020-04-15-091920-943,Apply for free legal aid services at tinyurl.com/flonlineintake,Evictions Suspended,✖,https://www.desotoclerk.com/,https://www.jud12.flcourts.org/News/COVID-19,https://floi.legalserver.org/modules/matter/extern_intake.php?pid=38&h=757e8c,desoto,?,✖,"
",TRUE,2020-06-24T15:37:01.000Z,2020-06-02,NA,2020-03-22T20:00:09.000Z,recx3SGrtMoue06Te,Twelfth,✖,✖,✖,✖,✓,✓,✖,https://www.jud12.flcourts.org/Portals/0/AdminOrders/Section01/2020-11.1.pdf?ver=2020-04-15-091920-943,NA,NA,2020-05-21T02:35:16.000Z,"DeSoto County, Florida",27.190253,-81.8244232,8,2,2,0,2,0,0,1,-1,2,-5,0,3,0,-0.5,-3,-3,3,3,-3,0
Pasco,50129,14303,Sixth,✓,?,✖,?,?,?,?,?,https://www.tampabay.com/news/health/2020/03/27/evictions-foreclosures-could-be-halted-under-florida-supreme-court-coronavirus-order/,Apply for free legal aid services at tinyurl.com/flonlineintake,"Evictions Active, but Tenant Removal Paused",✖,https://www.pascoclerk.com/,http://www.jud6.org/,https://floi.legalserver.org/modules/matter/extern_intake.php?pid=38&h=757e8c,pasco,?,?,"Evictions and foreclosures are suspended for 45 days in Florida in response to the COVID-19 emergency, the result of an order issued by Gov. Ron DeSantis. The Tampa Bay Times has details. Unaffected: Because they are not foreclosures or evictions, per se, tax-deed sales will go forward as scheduled. The next sale is set for April 23.

Additionally, our Office continues to receive and begin to process new applications for foreclosure, issuing them only after Gov. DeSantis ends the suspension.
",TRUE,2020-06-24T15:37:39.000Z,NA,NA,2020-03-22T20:00:09.000Z,reclwFDmw912hKcal,Sixth,✖,✖,✓,✓,✓,✓,✓,https://www.pascoclerk.com/809/COVID-19-Coronavirus-Pandemic,NA,NA,2020-05-21T02:35:16.000Z,"Pasco County, Florida",28.2996183,-82.4522702,8,2,2,0,2,0,0,1,-1,2,-5,-2,0,-0.5,-0.5,-3,3,-3,3,-3,0
Seminole,63192,15583,Eighteenth,✓,✖,✖,✖,✖,?,✖,✖,https://flcourts18.org/docs/Covid19/AO20-15-amd-2.pdf,Apply for free legal aid services at tinyurl.com/flonlineintake,Evictions Suspended,✖,https://www.seminoleclerk.org/,https://flcourts18.org/covid-19-emergency-information/,https://floi.legalserver.org/modules/matter/extern_intake.php?pid=38&h=757e8c,seminole,?,?,"The Sheriff and all Process Servers are directed to suspend all service of process...The suspension of time limits for service shall
restore additional days equal to the number stated herein.
",NA,2020-06-24T15:37:39.000Z,2020-05-29,NA,2020-03-22T20:00:09.000Z,recCJWpjomAmBwdYg,Eighteenth,✖,✖,✖,✖,✖,✓,✖,https://flcourts18.org/docs/Covid19/AO20-15-amd-2.pdf,NA,NA,2020-05-21T02:35:16.000Z,"Seminole County, Florida",28.7225829,-81.2353683,8,2,2,0,2,0,0,1,-1,2,-5,0,3,0,0,3,-3,3,3,3,0
Holmes,1646,413,Fourteenth,✓,?,✖,?,?,?,?,✖,https://www.jud14.flcourts.org/sites/default/files/media/doc/administrative_orders/2020-00-08.pdf,Apply for free legal aid services at tinyurl.com/flonlineintake,"Evictions Active, but Tenant Removal Paused",✖,https://holmesclerk.com/,https://www.jud14.flcourts.org/,https://floi.legalserver.org/modules/matter/extern_intake.php?pid=38&h=757e8c,holmes,?,✖,"
",TRUE,2020-06-24T15:37:22.000Z,NA,NA,2020-03-22T20:00:09.000Z,recMLJFa7YbkW7jYz,Fourteenth,✖,✖,✖,✓,✓,✓,✓,https://www.jud14.flcourts.org/sites/default/files/media/doc/administrative_orders/2020-00-08.pdf,NA,NA,2020-05-21T02:35:16.000Z,"Holmes County, Florida",30.8918676,-85.8138207,8,2,2,0,2,0,0,1,-1,2,-5,0,0,-0.5,-0.5,-3,3,-3,3,3,0
Jefferson,1298,292,Second,✓,✓,✖,?,✓,✖,✓,✖,https://cvweb.clerk.leon.fl.us/public/clerk_services/official_records/download_document.asp?book=5426&page=512,Apply for free legal aid services at tinyurl.com/flonlineintake,"Evictions Active, but Tenant Removal Paused",✖,https://www.jeffersonclerk.com/,http://2ndcircuit.leoncountyfl.gov/,https://floi.legalserver.org/modules/matter/extern_intake.php?pid=38&h=757e8c,jefferson,?,?,"Sherrifs authorized to stay writs for duration of the public health emergency.  Civil Process Division (Cricket), she said they are not serving the Writs of Possession, but serving all others.  She said they stopped serving the Writs of Possession on March 23, 2020, when they received the Executive Order.
",TRUE,2020-06-24T15:37:22.000Z,NA,NA,2020-03-22T20:00:09.000Z,rec674IkXUViopbjP,Second,✖,✖,✓,(✓),✓,✓,✓,https://cvweb.clerk.leon.fl.us/public/clerk_services/official_records/download_document.asp?book=5426&page=512,NA,NA,2020-05-21T02:35:16.000Z,"Jefferson County, Florida",30.3949531,-83.9326576,8,2,2,0,2,0,0,1,-1,2,-5,-2,0,0,-0.5,-3,3,-3,3,3,0
Bay,27643,6941,Fourteenth,✓,✓,✖,✓,?,✓,✓,✖,https://www.jud14.flcourts.org/sites/default/files/media/doc/administrative_orders/2020-00-08.pdf,Apply for free legal aid services at tinyurl.com/flonlineintake,"Evictions Active, but Tenant Removal Paused",✖,http://www.baycoclerk.com/,https://www.jud14.flcourts.org/,https://floi.legalserver.org/modules/matter/extern_intake.php?pid=38&h=757e8c,bay,?,✖,"
",TRUE,2020-06-24T15:35:52.000Z,NA,NA,2020-03-22T19:51:25.000Z,recxm2zp08v85xOXD,Fourteenth,✖,✖,✖,✓,✓,✓,✓,https://www.jud14.flcourts.org/sites/default/files/media/doc/administrative_orders/2020-00-08.pdf,NA,NA,2020-05-21T02:35:16.000Z,"Bay County, Florida",30.2481693,-85.6593633,8,2,2,0,2,0,0,1,-1,2,-5,0,0,-0.5,-0.5,-3,3,-3,3,3,0
Levy,3365,750,Eighth,✓,✓,✖,✖,✓,?,✓,✖,https://circuit8.org/wp-content/uploads/11.29-Suspension-of-Certain-Eviction-and-Mortgage-Foreclosure-Actions.pdf,Residential and commercial  evictions for non-payment are suspended. Apply for free legal aid services at tinyurl.com/flonlineintake,Evictions Suspended,✖,https://www.levyclerk.com/,https://circuit8.org/covid-19/,https://floi.legalserver.org/modules/matter/extern_intake.php?pid=38&h=757e8c,levy,?,?,"Extension to June 2: <https://circuit8.org/wp-content/uploads/11.31-Extension-of-Foreclosure-and-Evictions.pdf>
",TRUE,2020-06-24T15:37:26.000Z,2020-06-02,NA,2020-03-22T20:00:09.000Z,rec7m1HfwICOzVKOF,Eighth,✓,✓,✖,✖,✖,✓,✖,https://circuit8.org/wp-content/uploads/11.29-Suspension-of-Certain-Eviction-and-Mortgage-Foreclosure-Actions.pdf,NA,NA,2020-05-21T02:35:16.000Z,"Levy County, Florida",29.3008632,-82.7824592,8,2,0,0,NA,0,0,1,-1,2,-5,0,3,0,0,-3,-3,-3,3,3,0
Charlotte,16352,4546,Twentieth,✓,?,✖,?,✓,?,?,✖,NA,Apply for free legal aid services at tinyurl.com/flonlineintake,"Evictions Active, but Tenant Removal Paused",?,https://charlotteclerk.com/,https://www.ca.cjis20.org/home/main/homepage.asp,https://floi.legalserver.org/modules/matter/extern_intake.php?pid=38&h=757e8c,charlotte,?,?,"
",NA,2020-06-24T15:36:27.000Z,NA,NA,2020-03-22T20:00:09.000Z,rec7hwVjNGWpF9FDh,Twentieth,✖,✓,✓,(✓),✓,?,✓,https://www.ca.cjis20.org/pdf/ao/ao_2_39_amended.pdf,NA,NA,2020-05-21T02:35:16.000Z,"Charlotte County, Florida",26.9013269,-81.9156799,8,2,2,0,2,0,5,1,-1,2,-5,-2,0,0,-0.5,-3,3,-3,-3,3,0
Martin,16022,3852,Nineteenth,✓,?,✖,✓,✖,?,?,✖,http://www.circuit19.org/sites/default/files/Administrative%20Orders/2020/2020-01.pdf,Apply for free legal aid services at tinyurl.com/flonlineintake,"Evictions Active, but Tenant Removal Paused",?,https://www.martinclerk.com/,http://www.circuit19.org/covid19,https://floi.legalserver.org/modules/matter/extern_intake.php?pid=38&h=757e8c,martin,?,?,"Sheriff authorized to stay writs and eviction summons
",TRUE,2020-06-24T15:37:39.000Z,NA,NA,2020-03-22T20:00:09.000Z,recpUmvdegEpHmtTq,Nineteenth,✖,✓,✓,✓,✓,✓,✓,http://www.circuit19.org/sites/default/files/Administrative%20Orders/2020/2020-01.pdf,NA,NA,2020-05-21T02:35:16.000Z,"Martin County, Florida",27.0673711,-80.3994412,8,2,2,0,2,0,5,1,-1,2,-5,-2,0,-0.5,-0.5,-3,3,-3,-3,3,0
Brevard,67309,18890,Eighteenth,✓,✖,✖,✖,✖,?,✖,✖,https://flcourts18.org/docs/Covid19/AO20-15-amd-2.pdf,Apply for free legal aid services at tinyurl.com/flonlineintake,Evictions Suspended,✖,http://www.brevardclerk.us/,https://flcourts18.org/covid-19-emergency-information/,https://floi.legalserver.org/modules/matter/extern_intake.php?pid=38&h=757e8c,brevard,?,?,"The Sheriff and all Process Servers are directed to suspend all service of process...The suspension of time limits for service shall
restore additional days equal to the number stated herein.
",NA,2020-06-24T15:36:18.000Z,2020-05-29,NA,2020-03-22T20:00:09.000Z,recXtYzYQsi3LmDp9,Eighteenth,✖,✖,✖,✖,✖,✓,✖,https://flcourts18.org/docs/Covid19/AO20-15-amd-2.pdf,NA,NA,2020-05-21T02:35:16.000Z,"Brevard County, Florida",28.2446658,-80.728624,8,2,2,0,2,0,0,1,-1,2,-5,0,3,0,0,3,-3,3,3,3,0
St. Lucie,31780,10268,Nineteenth,✓,?,✖,?,✖,?,?,✖,http://www.circuit19.org/sites/default/files/Administrative%20Orders/2020/2020-01.pdf,Apply for free legal aid services at tinyurl.com/flonlineintake,"Evictions Active, but Tenant Removal Paused",?,https://www.stlucieclerk.com/,http://www.circuit19.org/covid19,https://floi.legalserver.org/modules/matter/extern_intake.php?pid=38&h=757e8c,st-lucie,?,?,"Sheriff authorized to stay writs and eviction summons
",TRUE,2020-06-24T15:37:39.000Z,NA,NA,2020-03-22T20:00:09.000Z,recuanCfjpYOybXbC,Nineteenth,✖,✓,✓,✓,✓,✓,✓,http://www.circuit19.org/sites/default/files/Administrative%20Orders/2020/2020-01.pdf,NA,NA,2020-05-21T02:35:16.000Z,"St. Lucie County, Florida",27.3900897,-80.457904,8,2,2,0,2,0,5,1,-1,2,-5,-2,0,-0.5,-0.5,-3,3,-3,-3,3,0
Santa Rosa,16459,3919,First,✓,✓,✖,✓,?,✓,✓,✖,NA,Apply for free legal aid services at tinyurl.com/flonlineintake,"Evictions Active, but Tenant Removal Paused",✓,https://santarosaclerk.com/,https://www.firstjudicialcircuit.org/,https://floi.legalserver.org/modules/matter/extern_intake.php?pid=38&h=757e8c,santa-rosa,?,?,"
",TRUE,2020-06-24T15:37:39.000Z,NA,NA,2020-03-22T20:00:09.000Z,rec0DoBl3vFTMF4gA,First,(✓),✖,✓,✓,✓,✓,✓,https://www.firstjudicialcircuit.org/sites/default/files/document_library/SRC%20Essential%20Functions%20Plan%20Memo%20to%20Chief%20Judge%20March%2020%2C%20202003202020104314_0.pdf,NA,NA,2020-05-21T02:35:16.000Z,"Santa Rosa County, Florida",30.6964502,-87.0097524,8,2,0,0,NA,0,0,1,-1,2,-5,-2,0,-0.5,-0.5,-3,3,-3,-3,3,0
Manatee,47431,14106,Twelfth,✓,✓,✖,✖,?,?,?,?,https://www.jud12.flcourts.org/Portals/0/AdminOrders/Section01/2020-11.1.pdf?ver=2020-04-15-091920-943,Apply for free legal aid services at tinyurl.com/flonlineintake,Evictions Suspended,✖,https://www.manateeclerk.com/,https://www.jud12.flcourts.org/News/COVID-19,https://floi.legalserver.org/modules/matter/extern_intake.php?pid=38&h=757e8c,manatee,?,✖,"
",TRUE,2020-06-24T15:37:39.000Z,2020-06-02,NA,2020-03-22T20:00:09.000Z,rec06ntpntnJ1kb6y,Twelfth,✖,✖,✖,✖,✓,✓,✖,https://www.jud12.flcourts.org/Portals/0/AdminOrders/Section01/2020-11.1.pdf?ver=2020-04-15-091920-943,NA,NA,2020-05-21T02:35:16.000Z,"Manatee County, Florida",27.5213933,-82.3801566,8,2,2,0,2,0,0,1,-1,2,-5,0,3,0,-0.5,-3,-3,-3,3,-3,0
Calhoun,1222,275,Fourteenth,✓,?,✖,?,?,?,?,✖,https://www.jud14.flcourts.org/sites/default/files/media/doc/administrative_orders/2020-00-08.pdf,Apply for free legal aid services at tinyurl.com/flonlineintake,"Evictions Active, but Tenant Removal Paused",✖,https://www.calhounclerk.com/,https://www.jud14.flcourts.org/,https://floi.legalserver.org/modules/matter/extern_intake.php?pid=38&h=757e8c,calhoun,?,✖,"
",TRUE,2020-06-24T15:36:25.000Z,NA,NA,2020-03-22T20:00:09.000Z,recv2ph1HE9fprHXF,Fourteenth,✖,✖,✖,✓,✓,✓,✓,https://www.jud14.flcourts.org/sites/default/files/media/doc/administrative_orders/2020-00-08.pdf,NA,NA,2020-05-21T02:35:16.000Z,"Calhoun County, Florida",30.3853734,-85.2223516,8,2,2,0,2,0,0,1,-1,2,-5,0,0,-0.5,-0.5,-3,3,-3,3,3,0
Alachua,38275,12375,Eighth,✓,✓,✖,✖,✓,✓,✓,✖,https://circuit8.org/wp-content/uploads/11.29-Suspension-of-Certain-Eviction-and-Mortgage-Foreclosure-Actions.pdf,Residential and commercial evictions for non-payment are suspended. Apply for free legal aid services at tinyurl.com/flonlineintake,Evictions Suspended,✖,https://alachuacounty.us/depts/clerk/Pages/Clerk.aspx,https://circuit8.org/covid-19/,https://floi.legalserver.org/modules/matter/extern_intake.php?pid=38&h=757e8c,alachua,?,?,"Extension to June 2: <https://circuit8.org/wp-content/uploads/11.31-Extension-of-Foreclosure-and-Evictions.pdf>
",TRUE,2020-06-24T15:35:59.000Z,2020-06-02,NA,2020-03-22T19:51:25.000Z,recdVBhJamg63O3dq,Eighth,✓,✓,✖,✖,✖,✓,✖,https://circuit8.org/wp-content/uploads/11.29-Suspension-of-Certain-Eviction-and-Mortgage-Foreclosure-Actions.pdf,NA,NA,2020-05-21T02:35:16.000Z,"Alachua County, Florida",29.675568,-82.3640109,8,2,0,0,NA,0,0,1,-1,2,-5,0,3,0,0,-3,-3,-3,3,3,0
